distance,consume,temp_inside,temp_outside,gas_type,AC,rain,sun,temp_diff,fuel_used,cost_of_trip,trip_in_hours,avg_speed
28.0,5.0,21.5,12,E10,0,0,0,9.5,1.4,2.863,0.43333333333333335,64.61538461538461
12.0,4.2,21.5,13,E10,0,0,0,8.5,0.504,1.031,0.5,24.0
11.2,5.5,21.5,15,E10,0,0,0,6.5,0.616,1.26,0.6333333333333333,17.684210526315788
12.9,3.9,21.5,14,E10,0,0,0,7.5,0.5031,1.029,0.6,21.5
18.5,4.5,21.5,15,E10,0,0,0,6.5,0.8325,1.702,0.7666666666666667,24.130434782608695
8.3,6.4,21.5,10,E10,0,0,0,11.5,0.5312,1.086,0.8333333333333334,9.96
7.8,4.4,21.5,11,E10,0,0,0,10.5,0.3432,0.702,0.7166666666666667,10.883720930232558
12.3,5.0,21.5,6,E10,0,0,0,15.5,0.615,1.258,0.6666666666666666,18.450000000000003
4.9,6.4,21.5,4,E10,0,0,0,17.5,0.31360000000000005,0.641,0.43333333333333335,11.307692307692308
11.9,5.3,21.5,9,E10,0,0,0,12.5,0.6307,1.29,0.5,23.8
12.4,5.6,21.5,4,E10,0,0,0,17.5,0.6944,1.42,0.7,17.714285714285715
11.8,4.6,21.5,0,E10,0,0,0,21.5,0.5428000000000001,1.11,0.6333333333333333,18.631578947368425
12.3,5.9,21.5,10,E10,0,0,0,11.5,0.7257000000000001,1.484,0.9833333333333333,12.508474576271189
24.7,5.1,21.5,12,E10,0,0,0,9.5,1.2596999999999998,2.576,0.9666666666666667,25.551724137931032
12.4,4.7,21.5,11,E10,0,0,0,10.5,0.5828,1.192,0.7666666666666667,16.17391304347826
17.3,5.1,21.5,5,E10,0,0,0,16.5,0.8823000000000001,1.804,0.4,43.25
33.4,5.6,21.5,3,E10,0,0,0,18.5,1.8703999999999998,3.825,0.6,55.666666666666664
11.8,5.1,21.5,3,E10,0,0,0,18.5,0.6018,1.231,0.5333333333333333,22.125
25.9,4.9,21.5,8,E10,0,0,0,13.5,1.2691,2.595,0.65,39.84615384615384
11.8,4.7,21.5,4,E10,0,0,0,17.5,0.5546000000000001,1.134,0.6666666666666666,17.700000000000003
25.3,5.5,21.5,3,E10,0,0,0,18.5,1.3915,2.846,0.5333333333333333,47.4375
14.2,5.9,21.5,1,E10,0,0,0,20.5,0.8378,1.713,0.6333333333333333,22.42105263157895
17.9,5.7,21.5,1,E10,0,0,0,20.5,1.0203,2.087,0.6166666666666667,29.027027027027025
11.8,4.7,21.5,1,E10,0,0,0,20.5,0.5546000000000001,1.134,0.6,19.666666666666668
12.3,5.9,21.5,6,E10,0,0,0,15.5,0.7257000000000001,1.484,1.0333333333333334,11.903225806451612
12.4,4.1,21.5,9,E10,0,0,0,12.5,0.5084,1.04,0.95,13.05263157894737
18.4,5.7,22.5,2,E10,0,0,0,20.5,1.0488,2.145,0.35,52.57142857142857
18.4,5.8,21.5,3,E10,0,0,0,18.5,1.0672,2.182,0.4666666666666667,39.42857142857142
18.3,5.5,21.5,1,E10,0,0,0,20.5,1.0065,2.058,0.48333333333333334,37.862068965517246
18.4,5.7,21.5,4,E10,0,0,0,17.5,1.0488,2.145,0.5833333333333334,31.542857142857137
12.3,5.3,21.5,11,E10,0,0,0,10.5,0.6518999999999999,1.333,0.85,14.47058823529412
11.8,5.0,21.5,10,E10,0,0,0,11.5,0.59,1.207,0.48333333333333334,24.413793103448278
12.3,5.6,21.5,8,E10,0,0,0,13.5,0.6888,1.409,0.9666666666666667,12.724137931034484
32.6,4.8,21.5,7,E10,0,0,0,14.5,1.5648,3.2,0.6666666666666666,48.900000000000006
19.0,4.3,21.5,7,E10,0,0,0,14.5,0.8170000000000001,1.671,0.6,31.666666666666668
12.1,5.7,21.5,8,E10,0,0,0,13.5,0.6897,1.41,0.6,20.166666666666668
20.0,5.2,21.5,4,E10,0,0,0,17.5,1.04,2.127,0.6166666666666667,32.43243243243243
4.9,7.4,21.5,6,E10,0,0,0,15.5,0.36260000000000003,0.742,0.43333333333333335,11.307692307692308
11.8,4.8,21.5,9,E10,0,0,0,12.5,0.5664,1.158,0.38333333333333336,30.782608695652172
12.3,6.5,21.5,7,E10,0,0,0,14.5,0.7995,1.635,0.9666666666666667,12.724137931034484
12.4,4.0,21.5,7,E10,1,1,0,14.5,0.496,1.014,0.9166666666666666,13.527272727272727
4.5,5.0,21.5,7,E10,1,0,0,14.5,0.225,0.46,0.48333333333333334,9.310344827586206
11.7,4.6,21.5,6,E10,0,0,0,15.5,0.5381999999999999,1.101,0.6166666666666667,18.972972972972972
10.2,4.3,21.5,7,E10,0,0,0,14.5,0.43859999999999993,0.897,0.7333333333333333,13.909090909090908
5.4,3.3,21.5,7,SP98,0,0,0,14.5,0.1782,0.353,0.5333333333333333,10.125
2.0,9.9,21.5,4,SP98,0,0,0,17.5,0.198,0.392,0.35,5.714285714285714
14.2,5.1,21.5,7,SP98,0,0,0,14.5,0.7241999999999998,1.434,0.5333333333333333,26.625
16.0,4.9,21.5,8,SP98,0,0,0,13.5,0.784,1.552,0.4166666666666667,38.4
11.8,4.9,21.5,11,SP98,0,0,0,10.5,0.5782,1.145,0.4166666666666667,28.32
27.3,4.7,21.5,10,SP98,0,0,0,11.5,1.2831000000000001,2.541,0.6,45.5
11.8,5.1,21.5,5,SP98,0,1,0,16.5,0.6018,1.192,0.48333333333333334,24.413793103448278
10.6,4.9,21.5,6,SP98,0,0,0,15.5,0.5194000000000001,1.028,1.05,10.095238095238095
11.6,4.2,21.5,7,SP98,0,0,0,14.5,0.48719999999999997,0.965,1.0166666666666666,11.40983606557377
13.1,6.1,21.5,6,SP98,0,1,0,15.5,0.7990999999999999,1.582,0.7666666666666667,17.08695652173913
6.1,6.4,21.5,8,SP98,0,0,0,13.5,0.39039999999999997,0.773,0.4666666666666667,13.071428571428571
153.5,4.9,21.5,3,SP98,0,1,0,18.5,7.5215000000000005,14.893,1.3666666666666667,112.3170731707317
11.8,4.9,21.5,7,SP98,0,0,0,14.5,0.5782,1.145,0.4,29.5
12.3,6.2,21.5,8,SP98,0,0,0,13.5,0.7626000000000001,1.51,1.0166666666666666,12.098360655737705
12.4,4.2,21.5,8,SP98,0,0,0,13.5,0.5208,1.031,0.95,13.05263157894737
12.3,5.7,21.5,8,SP98,0,1,0,13.5,0.7011,1.388,0.8666666666666667,14.192307692307693
2.9,7.9,21.5,9,SP98,1,1,0,12.5,0.2291,0.454,0.3,9.666666666666666
2.1,12.2,21.5,9,SP98,1,1,0,12.5,0.2562,0.507,0.38333333333333336,5.478260869565217
9.8,5.8,21.5,6,SP98,0,0,0,15.5,0.5684,1.125,0.4,24.5
6.8,5.3,21.5,6,SP98,0,0,0,15.5,0.3604,0.714,0.43333333333333335,15.692307692307692
12.4,5.4,21.5,7,SP98,0,0,0,14.5,0.6696000000000001,1.326,0.4,31.0
12.4,4.7,21.5,8,SP98,0,0,0,13.5,0.5828,1.154,0.95,13.05263157894737
11.8,4.6,21.5,6,SP98,0,0,0,15.5,0.5428000000000001,1.075,0.6833333333333333,17.26829268292683
12.3,5.4,21.5,8,SP98,0,0,0,13.5,0.6642,1.315,0.9166666666666666,13.41818181818182
14.0,4.3,21.5,8,SP98,0,0,0,13.5,0.602,1.192,0.6666666666666666,21.0
11.8,4.5,21.5,4,SP98,1,0,0,17.5,0.531,1.051,0.6166666666666667,19.135135135135137
12.3,5.2,21.5,12,SP98,0,0,0,9.5,0.6396000000000001,1.266,0.9166666666666666,13.41818181818182
2.0,6.2,21.5,10,SP98,0,0,0,11.5,0.124,0.246,0.3333333333333333,6.0
13.9,5.1,21.5,6,SP98,0,0,0,15.5,0.7089,1.404,0.48333333333333334,28.758620689655174
9.7,3.9,21.5,8,SP98,0,0,0,13.5,0.37829999999999997,0.749,0.7,13.857142857142858
11.6,5.0,21.5,6,SP98,0,0,0,15.5,0.58,1.148,0.4166666666666667,27.839999999999996
14.2,5.4,21.5,7,SP98,0,0,0,14.5,0.7668,1.518,0.6333333333333333,22.42105263157895
11.8,4.5,21.5,6,SP98,0,0,0,15.5,0.531,1.051,0.65,18.153846153846153
24.8,5.1,21.5,9,SP98,0,0,0,12.5,1.2648,2.504,0.8333333333333334,29.759999999999998
12.4,4.7,21.5,7,SP98,0,0,0,14.5,0.5828,1.154,0.9333333333333333,13.285714285714286
34.8,4.0,20.0,4,SP98,0,0,0,16.0,1.392,2.756,0.4666666666666667,74.57142857142857
14.2,5.4,20.0,6,SP98,0,0,0,14.0,0.7668,1.518,0.6,23.666666666666668
5.2,4.5,20.0,10,SP98,0,0,0,10.0,0.234,0.463,0.65,8.0
10.5,3.6,20.0,10,SP98,0,0,0,10.0,0.37800000000000006,0.748,0.7,15.000000000000002
12.3,5.2,20.0,10,SP98,0,0,0,10.0,0.6396000000000001,1.266,0.95,12.947368421052634
11.8,4.9,20.0,11,SP98,0,0,0,9.0,0.5782,1.145,0.4166666666666667,28.32
12.3,6.2,20.0,11,SP98,0,1,0,9.0,0.7626000000000001,1.51,0.9666666666666667,12.724137931034484
13.2,4.3,20.0,11,SP98,0,1,0,9.0,0.5676,1.124,0.85,15.529411764705882
13.0,5.0,20.0,11,SP98,0,1,0,9.0,0.65,1.287,0.75,17.333333333333332
12.9,5.1,20.0,11,SP98,0,0,0,9.0,0.6578999999999999,1.303,0.5333333333333333,24.1875
13.9,5.6,20.0,8,SP98,0,0,0,12.0,0.7784,1.541,0.36666666666666664,37.909090909090914
11.8,4.3,20.0,6,SP98,0,0,0,14.0,0.5074000000000001,1.005,0.6166666666666667,19.135135135135137
12.2,5.8,20.0,11,SP98,0,0,0,9.0,0.7075999999999999,1.401,1.0,12.2
12.5,4.0,20.0,13,SP98,0,0,0,7.0,0.5,0.99,0.85,14.705882352941178
12.4,4.7,22.0,10,SP98,0,0,0,12.0,0.5828,1.154,0.7166666666666667,17.302325581395348
11.8,5.9,20.0,9,SP98,1,1,0,11.0,0.6962,1.378,0.35,33.714285714285715
11.8,5.3,22.0,11,SP98,0,0,0,11.0,0.6254,1.238,0.8666666666666667,13.615384615384615
12.5,4.2,20.0,11,SP98,0,0,0,9.0,0.525,1.04,0.95,13.157894736842106
15.7,5.3,22.0,9,SP98,0,0,0,13.0,0.8321,1.648,0.55,28.545454545454543
12.9,5.7,22.0,9,SP98,0,0,0,13.0,0.7353000000000001,1.456,0.5833333333333334,22.114285714285714
6.4,4.4,22.0,10,SP98,0,0,0,12.0,0.2816,0.558,0.6166666666666667,10.378378378378379
5.3,4.1,22.0,9,SP98,0,0,0,13.0,0.21729999999999997,0.43,0.5666666666666667,9.352941176470589
26.2,5.8,21.0,8,SP98,1,1,0,13.0,1.5195999999999998,3.009,1.1833333333333333,22.140845070422536
18.8,5.0,22.0,9,SP98,0,1,0,13.0,0.94,1.861,1.0333333333333334,18.193548387096772
4.9,6.9,21.0,12,SP98,0,1,0,9.0,0.3381,0.669,0.4166666666666667,11.76
12.4,5.4,21.0,11,SP98,1,1,0,10.0,0.6696000000000001,1.326,0.3,41.333333333333336
22.9,5.3,20.5,7,SP98,0,0,0,13.5,1.2137,2.403,0.75,30.53333333333333
162.7,5.5,23.0,1,SP98,0,0,0,22.0,8.9485,17.718,1.25,130.16
4.9,6.5,21.0,1,SP98,0,0,0,20.0,0.3185,0.631,0.43333333333333335,11.307692307692308
11.8,4.7,21.0,4,SP98,0,0,0,17.0,0.5546000000000001,1.098,0.6,19.666666666666668
16.6,5.1,21.0,7,SP98,0,0,0,14.0,0.8466,1.676,0.9333333333333333,17.78571428571429
12.4,5.7,21.0,7,SP98,0,0,0,14.0,0.7068000000000001,1.399,0.6166666666666667,20.10810810810811
15.9,5.4,21.0,7,SP98,0,0,0,14.0,0.8586000000000001,1.7,0.4166666666666667,38.16
5.1,8.7,23.5,5,SP98,0,0,0,18.5,0.44369999999999993,0.879,0.35,14.571428571428571
22.4,4.9,20.5,7,SP98,0,0,0,13.5,1.0976000000000001,2.173,1.1,20.36363636363636
31.1,4.7,20.5,7,SP98,0,0,0,13.5,1.4617000000000002,2.894,0.7,44.42857142857143
4.9,6.3,20.5,3,SP98,0,0,0,17.5,0.30870000000000003,0.611,0.45,10.88888888888889
11.8,5.1,23.0,4,SP98,0,1,0,19.0,0.6018,1.192,0.43333333333333335,27.23076923076923
22.9,6.0,23.0,4,SP98,0,1,0,19.0,1.3739999999999997,2.721,0.7,32.714285714285715
12.4,4.6,23.0,1,SP98,0,1,0,22.0,0.5704,1.129,0.6333333333333333,19.578947368421055
12.9,5.8,23.0,4,SP98,0,0,0,19.0,0.7482,1.481,0.6666666666666666,19.35
11.8,5.1,23.0,0,SP98,0,0,0,23.0,0.6018,1.192,0.7166666666666667,16.46511627906977
12.2,5.8,23.0,2,SP98,0,0,0,21.0,0.7075999999999999,1.401,0.9666666666666667,12.620689655172413
24.8,4.6,23.0,3,SP98,0,0,0,20.0,1.1408,2.259,0.9166666666666666,27.054545454545455
14.2,5.6,23.0,8,SP98,0,0,0,15.0,0.7951999999999999,1.574,0.4,35.49999999999999
11.8,4.6,23.0,0,SP98,0,1,0,23.0,0.5428000000000001,1.075,0.6333333333333333,18.631578947368425
12.2,6.3,23.0,0,SP98,0,1,0,23.0,0.7686,1.522,0.95,12.842105263157894
24.7,5.5,25.0,1,SP98,0,0,0,24.0,1.3585,2.69,0.9333333333333333,26.46428571428571
6.8,4.3,24.0,2,SP98,0,0,0,22.0,0.2924,0.579,0.7666666666666667,8.869565217391303
17.3,5.6,21.5,1,SP98,0,0,0,20.5,0.9688,1.918,0.6166666666666667,28.054054054054053
11.8,4.3,21.5,-3,SP98,0,0,0,24.5,0.5074000000000001,1.005,0.7333333333333333,16.090909090909093
15.9,5.7,21.5,5,SP98,0,0,0,16.5,0.9063000000000001,1.794,0.7666666666666667,20.73913043478261
5.1,6.4,21.5,4,SP98,0,0,0,17.5,0.3264,0.646,0.65,7.846153846153845
16.1,4.5,21.5,6,SP98,0,0,0,15.5,0.7245,1.435,0.55,29.272727272727273
11.8,4.5,21.5,3,SP98,0,0,0,18.5,0.531,1.051,0.7166666666666667,16.46511627906977
4.2,6.0,21.5,5,SP98,0,0,0,16.5,0.252,0.499,0.43333333333333335,9.692307692307692
17.4,5.1,21.5,5,SP98,0,0,0,16.5,0.8873999999999999,1.757,0.5,34.8
23.5,6.0,21.5,5,SP98,0,1,0,16.5,1.41,2.792,0.4166666666666667,56.4
11.8,4.5,21.5,5,SP98,0,1,0,16.5,0.531,1.051,0.6333333333333333,18.631578947368425
12.3,6.1,21.5,10,SP98,0,1,0,11.5,0.7503,1.486,1.0166666666666666,12.098360655737705
16.1,5.4,21.5,7,E10,0,1,0,14.5,0.8694000000000002,1.778,0.4,40.25
11.8,4.3,21.5,10,E10,0,1,0,11.5,0.5074000000000001,1.038,0.6666666666666666,17.700000000000003
12.3,5.4,21.5,13,E10,0,0,0,8.5,0.6642,1.358,0.9666666666666667,12.724137931034484
12.4,4.3,21.5,17,E10,0,0,0,4.5,0.5332,1.09,0.8166666666666667,15.183673469387756
7.0,5.2,21.5,17,E10,0,0,0,4.5,0.364,0.744,0.4166666666666667,16.8
11.8,4.1,21.5,10,E10,0,0,0,11.5,0.48379999999999995,0.989,0.6166666666666667,19.135135135135137
20.1,4.4,21.5,18,E10,0,0,0,3.5,0.8844000000000001,1.809,0.6833333333333333,29.414634146341466
20.8,4.5,21.5,10,E10,0,0,0,11.5,0.936,1.914,0.75,27.733333333333334
1.7,10.8,21.5,10,E10,0,1,0,11.5,0.18359999999999999,0.375,0.23333333333333334,7.285714285714286
35.9,4.7,21.5,12,E10,0,0,0,9.5,1.6872999999999998,3.451,0.75,47.86666666666667
36.9,4.8,21.5,5,E10,0,0,0,16.5,1.7711999999999997,3.622,0.8666666666666667,42.57692307692307
16.8,4.0,21.5,8,E10,0,0,0,13.5,0.672,1.374,0.7666666666666667,21.913043478260867
9.9,5.0,21.5,9,E10,0,0,0,12.5,0.495,1.012,0.4666666666666667,21.214285714285715
22.9,4.6,21.5,7,E10,0,1,0,14.5,1.0534,2.154,1.0166666666666666,22.524590163934427
17.3,5.0,21.5,6,E10,1,1,0,15.5,0.865,1.769,1.0166666666666666,17.016393442622952
11.8,4.3,21.5,7,E10,0,0,0,14.5,0.5074000000000001,1.038,0.6166666666666667,19.135135135135137
36.6,5.2,21.5,7,E10,0,1,0,14.5,1.9032000000000002,3.892,1.3333333333333333,27.450000000000003
44.9,4.7,21.5,8,E10,0,0,0,13.5,2.1103,4.316,1.0333333333333334,43.4516129032258
11.8,4.2,21.5,9,E10,0,1,0,12.5,0.49560000000000004,1.014,0.5666666666666667,20.823529411764707
21.6,5.3,21.5,9,E10,0,1,0,12.5,1.1448,2.341,0.7333333333333333,29.454545454545457
39.4,5.3,21.5,9,E10,0,1,0,12.5,2.0882,4.27,1.0,39.4
5.1,8.1,21.5,4,E10,0,0,0,17.5,0.41309999999999997,0.845,0.65,7.846153846153845
26.6,4.8,21.5,7,E10,0,0,0,14.5,1.2768000000000002,2.611,0.6333333333333333,42.00000000000001
53.2,5.1,21.5,2,E10,0,0,0,19.5,2.7132,5.548,1.1833333333333333,44.95774647887324
18.9,4.4,21.5,2,E10,0,0,0,19.5,0.8316,1.701,0.8833333333333333,21.39622641509434
43.5,5.0,21.5,3,E10,0,0,0,18.5,2.175,4.448,1.3333333333333333,32.625
6.1,6.3,21.5,5,E10,0,0,0,16.5,0.3843,0.786,0.43333333333333335,14.076923076923075
16.4,4.8,21.5,5,E10,0,0,0,16.5,0.7871999999999999,1.61,0.8166666666666667,20.081632653061224
12.3,6.1,21.5,6,E10,0,0,0,15.5,0.7503,1.534,0.6666666666666666,18.450000000000003
21.1,4.6,21.5,8,E10,0,0,0,13.5,0.9706,1.985,0.6,35.16666666666667
21.1,4.8,21.5,7,E10,0,0,0,14.5,1.0128,2.071,0.7166666666666667,29.44186046511628
22.7,4.7,21.5,6,E10,0,0,0,15.5,1.0669,2.182,0.9166666666666666,24.763636363636365
44.4,4.8,21.5,8,E10,0,0,0,13.5,2.1311999999999998,4.358,0.6333333333333333,70.10526315789474
35.8,4.4,21.5,6,E10,0,0,0,15.5,1.5752000000000002,3.221,0.85,42.11764705882353
11.8,4.9,21.5,0,E10,0,0,0,21.5,0.5782,1.182,0.7333333333333333,16.090909090909093
26.2,4.9,21.5,6,E10,0,0,0,15.5,1.2838,2.625,0.7,37.42857142857143
40.6,4.4,21.0,3,E10,0,0,0,18.0,1.7864000000000002,3.653,0.7333333333333333,55.36363636363637
12.4,5.3,21.0,-5,E10,0,0,0,26.0,0.6572,1.344,0.6333333333333333,19.578947368421055
14.1,5.3,21.0,-3,E10,0,0,0,24.0,0.7472999999999999,1.528,0.7833333333333333,18.0
58.7,4.8,21.0,0,E10,0,0,0,21.0,2.8176,5.762,1.25,46.96
16.2,5.2,21.0,0,E10,0,0,0,21.0,0.8423999999999999,1.723,0.48333333333333334,33.51724137931034
12.3,4.9,22.5,0,E10,0,0,0,22.5,0.6027000000000001,1.233,0.8333333333333334,14.76
12.3,7.1,22.5,0,E10,1,1,0,22.5,0.8733,1.786,0.8666666666666667,14.192307692307693
12.4,5.2,22.5,1,E10,0,0,0,21.5,0.6448,1.319,0.85,14.588235294117649
31.8,4.7,22.5,3,E10,0,0,0,19.5,1.4946000000000002,3.056,0.9833333333333333,32.33898305084746
12.3,5.1,22.5,8,E10,0,0,0,14.5,0.6273,1.283,0.9166666666666666,13.41818181818182
51.6,5.0,22.5,12,E10,0,0,0,10.5,2.58,5.276,1.2166666666666666,42.41095890410959
38.6,4.6,22.5,10,E10,0,0,0,12.5,1.7756,3.631,0.7333333333333333,52.63636363636364
12.3,4.8,22.5,7,E10,0,0,0,15.5,0.5904,1.207,0.6833333333333333,18.0
81.2,4.4,22.0,13,E10,0,0,0,9.0,3.5728000000000004,7.306,1.15,70.60869565217392
130.3,4.6,22.0,12,E10,0,0,0,10.0,5.9938,12.257,1.4166666666666667,91.9764705882353
67.2,4.3,22.0,18,E10,0,0,0,4.0,2.8895999999999997,5.909,1.1166666666666667,60.17910447761194
43.7,4.7,22.0,9,SP98,0,1,0,13.0,2.0539,4.067,0.7333333333333333,59.5909090909091
12.1,4.2,22.0,4,SP98,0,0,0,18.0,0.5082,1.006,0.7166666666666667,16.883720930232556
56.1,4.8,22.0,13,SP98,0,0,0,9.0,2.6927999999999996,5.332,1.3666666666666667,41.048780487804876
39.0,4.1,22.0,16,SP98,0,0,0,6.0,1.5989999999999998,3.166,1.0166666666666666,38.36065573770492
11.8,4.5,21.5,13,SP98,0,0,0,8.5,0.531,1.051,0.6833333333333333,17.26829268292683
38.5,4.8,21.5,14,SP98,0,0,0,7.5,1.8479999999999999,3.659,1.05,36.666666666666664
28.2,4.6,21.5,14,SP98,0,0,0,7.5,1.2972,2.568,0.9,31.333333333333332
2.9,7.4,21.5,14,SP98,0,0,0,7.5,0.2146,0.425,0.4,7.249999999999999
6.1,5.6,21.5,13,SP98,0,0,0,8.5,0.34159999999999996,0.676,0.4,15.249999999999998
19.6,4.9,21.5,13,SP98,0,0,0,8.5,0.9604000000000003,1.902,0.7166666666666667,27.348837209302328
22.2,3.8,22.0,15,SP98,0,0,0,7.0,0.8436,1.67,0.7,31.714285714285715
13.6,4.5,19.0,18,SP98,0,0,0,1.0,0.612,1.212,0.7333333333333333,18.545454545454547
12.6,4.1,22.0,17,SP98,0,0,0,5.0,0.5166,1.023,0.55,22.909090909090907
8.7,5.3,22.5,12,SP98,1,1,0,10.5,0.4610999999999999,0.913,0.4666666666666667,18.642857142857142
7.9,4.7,22.5,12,SP98,1,0,0,10.5,0.3713,0.735,0.5166666666666667,15.29032258064516
2.4,9.0,20.0,10,SP98,0,0,0,10.0,0.21599999999999997,0.428,0.43333333333333335,5.538461538461538
4.9,6.3,20.0,10,SP98,0,0,0,10.0,0.30870000000000003,0.611,0.43333333333333335,11.307692307692308
18.1,3.6,20.0,19,SP98,0,0,0,1.0,0.6516000000000001,1.29,0.6,30.16666666666667
25.9,3.7,20.0,21,SP98,0,0,0,-1.0,0.9582999999999999,1.897,0.65,39.84615384615384
1.3,11.5,20.0,10,SP98,0,0,0,10.0,0.14950000000000002,0.296,0.35,3.714285714285715
14.1,5.0,20.0,12,SP98,0,0,0,8.0,0.705,1.396,0.36666666666666664,38.45454545454545
13.4,5.5,20.0,9,SP98,0,0,0,11.0,0.737,1.459,0.5166666666666667,25.93548387096774
6.4,4.7,20.0,8,SP98,0,0,0,12.0,0.3008,0.596,0.55,11.636363636363637
12.9,4.5,20.0,13,SP98,0,0,0,7.0,0.5805,1.149,0.7,18.42857142857143
12.1,4.4,22.5,5,SP98,0,0,0,17.5,0.5324,1.054,0.55,21.999999999999996
15.7,4.1,22.5,13,SP98,0,0,0,9.5,0.6436999999999999,1.275,0.5333333333333333,29.4375
16.2,4.4,22.5,11,SP98,0,0,0,11.5,0.7128,1.411,0.43333333333333335,37.38461538461538
12.8,4.6,22.5,12,SP98,0,0,0,10.5,0.5888,1.166,0.36666666666666664,34.909090909090914
19.0,4.4,22.5,17,SP98,0,0,1,5.5,0.8360000000000001,1.655,0.9666666666666667,19.655172413793103
29.0,4.0,22.5,12,SP98,0,0,0,10.5,1.16,2.297,0.45,64.44444444444444
12.1,5.0,22.5,9,SP98,0,0,0,13.5,0.605,1.198,0.5333333333333333,22.6875
12.3,5.2,22.5,10,SP98,0,0,0,12.5,0.6396000000000001,1.266,0.9166666666666666,13.41818181818182
24.8,4.0,22.5,11,SP98,0,0,0,11.5,0.992,1.964,0.9333333333333333,26.571428571428573
12.9,5.1,22.5,8,SP98,0,1,0,14.5,0.6578999999999999,1.303,0.5666666666666667,22.764705882352942
11.8,4.5,22.5,3,SP98,0,0,0,19.5,0.531,1.051,0.65,18.153846153846153
31.4,4.6,22.5,11,SP98,0,0,0,11.5,1.4443999999999997,2.86,1.0333333333333334,30.387096774193544
19.0,5.1,22.5,4,SP98,0,1,0,18.5,0.9689999999999999,1.919,0.8833333333333333,21.50943396226415
13.0,5.7,22.5,3,SP98,1,1,0,19.5,0.7410000000000001,1.467,0.6333333333333333,20.526315789473685
11.8,4.8,22.5,2,SP98,0,0,0,20.5,0.5664,1.121,0.7,16.857142857142858
13.0,6.2,22.5,4,SP98,0,0,0,18.5,0.806,1.596,0.5333333333333333,24.375
11.8,5.0,22.5,1,SP98,0,0,0,21.5,0.59,1.168,0.7166666666666667,16.46511627906977
27.1,5.0,22.5,8,SP98,0,0,0,14.5,1.355,2.683,1.15,23.56521739130435
5.2,4.6,22.5,8,SP98,0,0,0,14.5,0.23919999999999997,0.474,0.6333333333333333,8.210526315789474
19.0,4.5,22.5,10,E10,0,0,0,12.5,0.855,1.748,0.48333333333333334,39.310344827586206
12.4,4.8,22.5,1,E10,0,0,0,21.5,0.5952,1.217,0.6333333333333333,19.578947368421055
25.2,5.0,22.5,9,E10,0,0,0,13.5,1.26,2.577,0.9166666666666666,27.490909090909092
14.3,4.8,22.5,10,E10,0,0,0,12.5,0.6864,1.404,0.6,23.833333333333336
11.8,4.6,22.5,2,E10,0,0,0,20.5,0.5428000000000001,1.11,0.6666666666666666,17.700000000000003
16.9,4.5,22.5,9,E10,0,0,1,13.5,0.7605,1.555,0.8,21.124999999999996
12.4,4.6,22.5,11,E10,0,0,1,11.5,0.5704,1.166,0.9166666666666666,13.527272727272727
17.4,4.4,22.5,12,E10,0,0,1,10.5,0.7656000000000001,1.566,0.6,29.0
9.2,5.7,22.5,8,E10,0,1,0,14.5,0.5244,1.072,0.55,16.727272727272723
12.3,5.8,22.5,10,E10,0,1,0,12.5,0.7134,1.459,0.9,13.666666666666668
13.0,5.9,22.5,10,E10,0,0,0,12.5,0.767,1.569,0.5333333333333333,24.375
11.8,6.1,22.5,6,E10,0,1,0,16.5,0.7198,1.472,0.26666666666666666,44.25
13.0,5.7,22.5,11,E10,0,1,0,11.5,0.7410000000000001,1.515,0.6166666666666667,21.08108108108108
12.3,5.0,22.5,10,E10,0,0,0,12.5,0.615,1.258,0.7,17.571428571428573
12.3,5.2,22.5,15,E10,0,0,1,7.5,0.6396000000000001,1.308,0.95,12.947368421052634
12.5,4.3,22.5,16,E10,0,0,1,6.5,0.5375,1.099,0.95,13.157894736842106
31.5,4.1,22.5,16,E10,0,0,1,6.5,1.2914999999999999,2.641,0.5,63.0
11.8,4.4,22.5,8,E10,0,0,0,14.5,0.5192000000000001,1.062,0.7,16.857142857142858
24.9,4.5,22.5,14,E10,0,0,0,8.5,1.1205,2.291,0.8833333333333333,28.18867924528302
17.0,3.9,22.5,14,E10,0,0,1,8.5,0.6629999999999999,1.356,0.7666666666666667,22.173913043478258
2.0,8.1,22.5,14,E10,0,0,0,8.5,0.162,0.331,0.3333333333333333,6.0
11.8,4.4,22.5,8,E10,0,0,0,14.5,0.5192000000000001,1.062,0.55,21.454545454545453
7.4,5.0,22.5,12,E10,0,0,0,10.5,0.37,0.757,0.5166666666666667,14.32258064516129
12.4,4.7,22.5,14,E10,0,0,1,8.5,0.5828,1.192,0.9166666666666666,13.527272727272727
2.0,6.0,22.5,14,E10,0,0,0,8.5,0.12,0.245,0.36666666666666664,5.454545454545455
14.0,5.0,22.5,8,E10,0,0,0,14.5,0.7,1.431,0.6833333333333333,20.48780487804878
25.7,5.0,22.5,7,E10,0,0,0,15.5,1.285,2.628,0.75,34.266666666666666
24.5,3.9,22.0,15,E10,0,0,1,7.0,0.9555,1.954,0.8333333333333334,29.4
11.8,4.5,22.5,12,E10,0,0,0,10.5,0.531,1.086,0.4666666666666667,25.28571428571429
4.1,5.4,22.5,13,E10,0,0,0,9.5,0.2214,0.453,0.4,10.249999999999998
4.2,5.6,22.0,17,E10,0,0,0,5.0,0.2352,0.481,0.48333333333333334,8.689655172413794
4.2,3.9,22.0,18,E10,0,0,1,4.0,0.1638,0.335,0.48333333333333334,8.689655172413794
16.0,4.0,22.0,10,E10,0,0,0,12.0,0.64,1.309,0.6666666666666666,24.0
22.9,4.0,22.0,21,E10,0,0,0,1.0,0.9159999999999999,1.873,0.48333333333333334,47.37931034482758
16.0,3.8,22.0,8,E10,0,0,0,14.0,0.608,1.243,0.7,22.857142857142858
15.4,4.5,22.0,14,E10,0,0,0,8.0,0.693,1.417,0.8333333333333334,18.48
16.0,3.8,22.0,12,E10,0,0,0,10.0,0.608,1.243,0.6833333333333333,23.414634146341463
4.2,5.6,22.0,18,E10,0,0,0,4.0,0.2352,0.481,0.5333333333333333,7.875
101.9,5.2,22.0,18,E10,0,0,0,4.0,5.2988,10.836,1.25,81.52000000000001
93.9,4.8,23.0,18,E10,1,0,1,5.0,4.5072,9.217,1.4666666666666666,64.02272727272728
25.7,4.9,22.0,10,SP98,0,1,0,12.0,1.2593,2.493,0.8333333333333334,30.839999999999996
16.0,4.1,22.0,10,SP98,0,0,0,12.0,0.6559999999999999,1.299,0.6666666666666666,24.0
16.1,4.5,22.0,19,SP98,0,0,0,3.0,0.7245,1.435,0.5333333333333333,30.187500000000004
16.0,4.4,22.0,7,SP98,1,1,0,15.0,0.7040000000000001,1.394,0.6666666666666666,24.0
16.0,4.5,22.0,11,SP98,0,0,0,11.0,0.72,1.426,0.6833333333333333,23.414634146341463
24.7,4.5,22.0,10,SP98,0,0,0,12.0,1.1115,2.201,0.43333333333333335,56.99999999999999
16.0,3.9,22.0,8,SP98,0,0,0,14.0,0.624,1.236,0.7,22.857142857142858
15.4,4.6,22.0,16,SP98,0,0,0,6.0,0.7083999999999999,1.403,0.7166666666666667,21.488372093023255
16.0,3.8,22.0,8,SP98,0,0,0,14.0,0.608,1.204,0.6666666666666666,24.0
32.1,4.5,22.0,16,SP98,0,0,0,6.0,1.4445000000000001,2.86,0.8333333333333334,38.52
25.9,4.4,22.0,14,SP98,0,0,0,8.0,1.1396000000000002,2.256,0.6666666666666666,38.85
48.6,4.3,22.0,12,SP98,0,0,0,10.0,2.0898,4.138,0.7333333333333333,66.27272727272728
37.2,4.0,22.0,20,SP98,0,0,1,2.0,1.4880000000000002,2.946,0.75,49.6
28.8,3.9,22.0,15,SP98,0,0,1,7.0,1.1232,2.224,0.5833333333333334,49.37142857142857
6.7,5.0,22.0,17,SP98,0,0,0,5.0,0.335,0.663,0.5,13.4
7.4,4.1,22.0,18,SP98,0,0,1,4.0,0.3034,0.601,0.4166666666666667,17.76
17.3,4.1,22.0,25,SP98,0,0,1,-3.0,0.7092999999999999,1.404,0.36666666666666664,47.18181818181819
6.6,5.6,22.0,16,SP98,0,0,0,6.0,0.36959999999999993,0.732,0.7166666666666667,9.209302325581394
14.3,4.1,22.0,20,SP98,0,0,0,2.0,0.5862999999999999,1.161,0.43333333333333335,33.0
13.3,4.6,22.0,18,SP98,0,0,0,4.0,0.6118,1.211,0.55,24.18181818181818
8.3,4.9,22.0,23,SP98,0,0,0,-1.0,0.40670000000000006,0.805,0.43333333333333335,19.153846153846153
12.7,4.5,22.0,27,SP98,0,0,1,-5.0,0.5715,1.132,0.65,19.538461538461537
16.5,4.1,22.0,14,SP98,0,0,0,8.0,0.6764999999999999,1.339,0.7833333333333333,21.06382978723404
20.6,4.1,22.0,21,SP98,0,0,0,1.0,0.8445999999999999,1.672,0.6333333333333333,32.526315789473685
16.3,4.5,22.0,16,SP98,0,0,0,6.0,0.7335,1.452,0.9666666666666667,16.862068965517242
18.7,4.2,25.0,18,SP98,1,0,1,7.0,0.7854000000000001,1.555,1.0833333333333333,17.26153846153846
36.5,3.9,23.0,18,SP98,0,0,1,5.0,1.4235,2.819,0.9,40.55555555555556
19.0,5.0,22.0,15,SP98,1,0,1,7.0,0.95,1.881,0.5833333333333334,32.57142857142857
16.6,4.4,22.0,5,SP98,1,0,0,17.0,0.7304,1.446,0.7666666666666667,21.65217391304348
29.9,4.5,22.0,18,SP98,1,0,0,4.0,1.3455,2.664,0.5333333333333333,56.0625
16.0,3.8,22.0,11,SP98,0,0,0,11.0,0.608,1.204,0.7,22.857142857142858
21.1,5.1,22.0,10,SP98,0,1,0,12.0,1.0761,2.131,0.55,38.36363636363636
16.0,3.9,22.0,10,SP98,0,0,0,12.0,0.624,1.236,0.6666666666666666,24.0
11.9,5.3,22.0,13,SP98,0,0,0,9.0,0.6307,1.249,0.5666666666666667,21.0
10.1,4.2,22.0,16,SP98,0,0,0,6.0,0.4242,0.84,0.5833333333333334,17.314285714285713
31.9,4.3,22.0,16,SP98,0,0,0,6.0,1.3717,2.716,0.55,57.99999999999999
18.7,4.0,22.0,13,SP98,0,0,0,9.0,0.748,1.481,1.0,18.7
10.8,4.7,22.0,17,SP98,0,0,1,5.0,0.5076,1.005,0.8,13.5
19.8,4.0,22.0,17,SP98,0,0,1,5.0,0.792,1.568,0.9333333333333333,21.214285714285715
11.3,4.3,22.0,17,SP98,0,0,0,5.0,0.48590000000000005,0.962,0.6333333333333333,17.842105263157897
11.5,5.3,22.0,15,SP98,0,0,0,7.0,0.6094999999999999,1.207,0.8833333333333333,13.018867924528303
21.4,5.2,22.0,13,SP98,0,0,0,9.0,1.1128,2.203,0.85,25.176470588235293
32.0,4.9,22.0,15,SP98,0,0,0,7.0,1.568,3.105,0.8833333333333333,36.22641509433962
41.9,4.7,22.0,14,SP98,0,0,0,8.0,1.9693,3.899,0.8833333333333333,47.43396226415094
211.0,4.6,22.0,20,SP98,0,0,0,2.0,9.706,19.218,1.3333333333333333,158.25
216.1,5.3,22.0,21,SP98,0,0,1,1.0,11.453299999999999,22.678,1.5,144.06666666666666
25.5,3.6,22.0,27,SP98,0,0,1,-5.0,0.9179999999999999,1.818,0.45,56.666666666666664
16.6,4.2,22.0,15,SP98,0,1,0,7.0,0.6972000000000002,1.38,0.8666666666666667,19.153846153846153
25.9,4.1,22.0,24,SP98,0,0,0,-2.0,1.0618999999999998,2.103,0.7166666666666667,36.13953488372093
16.5,4.0,22.0,15,SP98,0,0,0,7.0,0.66,1.307,0.8,20.625
22.1,3.9,22.0,26,SP98,0,0,0,-4.0,0.8619,1.707,0.48333333333333334,45.724137931034484
16.6,3.7,22.0,17,E10,0,0,0,5.0,0.6142000000000001,1.256,0.8166666666666667,20.3265306122449
15.4,4.5,22.0,24,E10,0,0,0,-2.0,0.693,1.417,0.7166666666666667,21.488372093023255
16.5,3.9,22.0,17,E10,0,0,0,5.0,0.6435,1.316,0.7166666666666667,23.023255813953487
15.4,5.1,22.0,24,E10,0,0,0,-2.0,0.7853999999999999,1.606,0.35,44.00000000000001
18.4,4.2,22.0,24,E10,0,0,0,-2.0,0.7728,1.58,0.9833333333333333,18.71186440677966
39.5,4.2,22.0,25,E10,0,0,0,-3.0,1.659,3.393,0.9666666666666667,40.86206896551724
21.5,4.8,25.0,27,E10,1,0,1,-2.0,1.032,2.11,0.7833333333333333,27.4468085106383
4.8,4.7,25.0,18,E10,0,0,0,7.0,0.2256,0.461,0.43333333333333335,11.076923076923077
100.9,4.7,23.5,22,E10,0,0,0,1.5,4.7423,9.698,1.45,69.58620689655173
129.7,4.6,24.0,21,E10,0,0,0,3.0,5.966199999999999,12.201,0.9666666666666667,134.17241379310343
16.6,3.8,21.5,16,E10,0,0,0,5.5,0.6308,1.29,0.7166666666666667,23.16279069767442
15.4,4.2,21.5,21,E10,0,0,0,0.5,0.6468,1.323,0.8333333333333334,18.48
16.0,3.7,22.0,17,E10,0,0,0,5.0,0.5920000000000001,1.211,0.75,21.333333333333332
16.0,4.2,22.0,15,E10,0,0,0,7.0,0.672,1.374,0.6833333333333333,23.414634146341463
15.4,4.1,22.0,24,E10,0,0,0,-2.0,0.6314,1.291,0.75,20.533333333333335
16.0,4.0,22.0,16,E10,0,0,0,6.0,0.64,1.309,0.7166666666666667,22.325581395348838
21.0,3.8,22.0,21,E10,0,0,0,1.0,0.7979999999999999,1.632,0.6166666666666667,34.05405405405405
15.4,3.8,22.0,24,E10,0,0,0,-2.0,0.5851999999999999,1.197,0.7833333333333333,19.659574468085108
16.0,3.8,22.0,17,E10,0,0,0,5.0,0.608,1.243,0.7,22.857142857142858
16.1,5.1,25.0,16,E10,1,1,0,9.0,0.8210999999999999,1.679,0.5,32.2
16.0,4.0,22.0,15,E10,0,0,0,7.0,0.64,1.309,0.7,22.857142857142858
15.4,4.8,22.0,18,E10,0,0,0,4.0,0.7392,1.512,0.6666666666666666,23.1
17.2,3.9,22.0,16,E10,0,0,0,6.0,0.6708,1.372,0.5833333333333334,29.485714285714284
16.6,4.6,22.0,25,E10,0,0,0,-3.0,0.7636,1.562,0.8333333333333334,19.92
18.3,4.3,22.0,16,SP98,0,0,0,6.0,0.7868999999999999,1.558,0.7666666666666667,23.869565217391305
16.1,4.8,22.0,18,SP98,0,1,0,4.0,0.7728,1.53,0.6,26.833333333333336
16.0,4.1,22.0,17,SP98,0,0,0,5.0,0.6559999999999999,1.299,0.7666666666666667,20.869565217391305
16.3,4.0,22.0,23,SP98,0,0,0,-1.0,0.652,1.291,0.5833333333333334,27.942857142857143
16.0,3.7,22.0,16,SP98,0,0,0,6.0,0.5920000000000001,1.172,0.7333333333333333,21.81818181818182
18.3,4.3,22.0,23,SP98,0,0,0,-1.0,0.7868999999999999,1.558,0.7666666666666667,23.869565217391305
4.5,5.2,22.0,23,SP98,0,0,1,-1.0,0.234,0.463,0.38333333333333336,11.739130434782608
17.0,4.2,22.0,16,SP98,0,0,0,6.0,0.7140000000000001,1.414,0.8,21.25
6.1,5.0,24.5,18,SP98,0,0,0,6.5,0.305,0.604,0.5833333333333334,10.457142857142856
6.1,5.0,22.0,24,SP98,0,0,1,-2.0,0.305,0.604,0.55,11.09090909090909
17.3,4.2,22.0,22,SP98,0,0,0,0.0,0.7266000000000001,1.439,0.6,28.833333333333336
6.0,4.8,22.0,17,SP98,0,0,0,5.0,0.288,0.57,0.45,13.333333333333332
16.0,4.1,22.0,15,SP98,0,0,0,7.0,0.6559999999999999,1.299,0.75,21.333333333333332
15.4,4.9,22.0,18,SP98,0,0,0,4.0,0.7546,1.494,0.9166666666666666,16.8
15.4,4.3,22.0,23,SP98,0,0,0,-1.0,0.6622,1.311,0.65,23.692307692307693
16.0,3.9,22.0,18,SP98,0,0,0,4.0,0.624,1.236,0.5833333333333334,27.428571428571427
15.4,4.5,22.0,26,SP98,0,0,0,-4.0,0.693,1.372,0.8666666666666667,17.76923076923077
16.6,4.1,25.5,30,SP98,1,0,1,-4.5,0.6806,1.348,0.8,20.75
15.4,5.0,25.5,31,SP98,1,0,0,-5.5,0.77,1.525,0.8,19.25
16.0,4.0,22.0,21,SP98,1,0,0,1.0,0.64,1.267,0.7166666666666667,22.325581395348838
15.4,4.5,22.0,30,SP98,0,0,0,-8.0,0.693,1.372,0.7,22.000000000000004
16.0,3.6,22.0,19,SP98,0,0,0,3.0,0.5760000000000001,1.14,0.7166666666666667,22.325581395348838
20.9,4.1,22.0,21,SP98,0,0,0,1.0,0.8568999999999999,1.697,0.55,37.99999999999999
32.1,3.9,22.0,26,SP98,0,0,0,-4.0,1.2519,2.479,0.7833333333333333,40.97872340425532
15.3,6.6,24.0,27,SP98,1,0,0,-3.0,1.0098,1.999,0.26666666666666666,57.375
28.5,4.0,25.0,23,SP98,1,0,0,2.0,1.14,2.257,0.7333333333333333,38.86363636363637
11.9,3.7,25.0,19,SP98,0,0,0,6.0,0.4403,0.872,0.55,21.636363636363637
14.5,4.3,25.0,22,SP98,0,0,0,3.0,0.6234999999999999,1.235,0.6,24.166666666666668
16.6,4.1,22.0,26,SP98,0,0,1,-4.0,0.6806,1.348,0.8166666666666667,20.3265306122449
16.2,4.4,24.5,17,SP98,1,0,0,7.5,0.7128,1.411,0.65,24.92307692307692
16.7,3.8,24.5,23,SP98,0,0,1,1.5,0.6345999999999999,1.257,0.7333333333333333,22.772727272727273
8.3,5.0,24.5,27,SP98,0,0,0,-2.5,0.415,0.822,0.8666666666666667,9.576923076923077
5.5,3.7,24.5,28,SP98,0,0,1,-3.5,0.20350000000000001,0.403,0.55,10.0
13.6,3.7,24.5,28,SP98,0,0,1,-3.5,0.5032,0.996,0.55,24.727272727272723
16.0,3.7,24.5,18,SP98,0,0,0,6.5,0.5920000000000001,1.172,0.65,24.615384615384613
16.1,4.3,25.0,31,SP98,1,0,0,-6.0,0.6923,1.371,0.6333333333333333,25.421052631578952
16.0,3.8,25.0,19,SP98,0,0,0,6.0,0.608,1.204,0.75,21.333333333333332
15.4,4.6,25.0,31,SP98,1,0,0,-6.0,0.7083999999999999,1.403,0.7,22.000000000000004
14.7,5.0,25.0,30,SP98,1,0,0,-5.0,0.735,1.455,0.4166666666666667,35.279999999999994
